md5,modifier,interface_num,has_super_class,field_num,method_num,dep_class_num,be_dep_num
1b5a200c1f48053845e09e17bef0d122,0,1,0,1,2,1,0
117c3c36089856e52514eb52ab130cd7,1,0,1,1,8,3,0
c5691922bbc95c3b172a48a582883686,1,0,1,0,3,1,0
6ff43ef89b35a6102b5ca0b613e227f1,1537,0,0,0,7,0,6
b177664aea30b5aef75771373d1ce243,1,1,0,5,13,4,3
a2ac91c72e2cf62903dc19a97d91fcac,1025,0,1,18,37,3,9
64a59cedfd74f263a6f130149d043f01,1,0,1,2,2,1,0
329b9f6214f5f54dcf540f1a1c76c567,1,0,1,0,3,1,0
b23dc0a215674252053446e94f30ce47,1,0,1,2,4,1,0
8344bb7f7eb5290a45a7d357c79fa569,1,0,1,1,4,1,0
da076e68ab6dbf3c4b832a03fab59c2e,1,1,0,5,10,3,1
a288e27449e5f34dd3c6f7b00144ed46,4096,0,0,1,1,0,0
bbfd53cd197a02b0d562846d1a3724bb,0,0,0,2,5,2,2
0155830c74e6b7381f863936dc4d2033,1,0,1,1,3,2,0
242df942900dc5ef5c631dc552b4bc45,1,0,1,3,4,1,0
5201ff84306fd4bf47c4d052a095b421,1,1,0,5,12,4,3
fed8ccee57d64a481016f9581ccdc927,1,0,1,3,7,2,1
6b9f242bf7ec01b390b3380f8fc9ab75,0,1,0,1,3,1,0
937bddd07c74f8695b0175673a510b06,0,0,1,3,8,3,0
86f0e397874e48601c792c5c01ceb9d3,1,0,1,9,6,3,0
d4ede010a606bb0c6678c8f1a4f64c33,1,0,1,0,3,1,0
5b0870a8a6463b14f72a3d2f473b2bb6,1,0,1,18,11,5,1
0ee9146d52686241d8f4439a5a57f197,0,0,1,1,2,1,0
1035b7f893b1f9b006cf0670b160aff6,1,0,0,5,18,0,3
837b58a6c7ce817b03aa94cc83b27b0f,1025,0,0,5,3,1,3
4621f0a4c599e43d3a748e1095fe3617,0,0,0,4,4,0,1
c9b5339ffb21609b4734acf99febe858,1025,0,1,7,10,2,2
23eeb60ae7fb4ea7acaf49dc37e605aa,1,1,0,5,12,1,5
04664402934f7909caa487eb69928b58,1,0,0,4,7,1,5
b1410fffbb5dec080add25d44b9bb7be,1,1,0,3,10,1,5
4885e1ca1ca1117558af9f8fff8c8f48,1,0,1,1,3,1,0
bf3e7ff2822e6f12e5d36beb747904bd,1,0,1,0,4,0,0
96a9bf3c6410e31a4042d54c1a43a2fd,1,0,1,8,6,2,1
327fde4782bdf27fdb63b2a377376910,1025,0,1,0,3,0,5
0919623160867bdea28d41d46c0295e1,1,0,1,1,5,1,0
bce7acae44c0fe5800291bb218fbf190,1,0,1,0,3,0,0
fc72d233a267ba4b1adf5ec607de5c19,1,0,1,2,2,1,0
f32bebcb6cdb9ba6537c0eae1a0d8257,1,1,0,5,14,3,2
67c08ee0f881e318be4e0d0f4ca40f45,0,1,0,1,2,1,0
f8ef74b7012ccccfd984ba2da767428b,4096,0,0,1,1,0,0
628478b43941578861ab39fae4e1229d,0,1,0,5,5,3,0
ec17051335f5d89142e24e0776ba983a,1,0,1,1,3,2,0
8c786eabf66f8e7e77256b0633e85d9a,1,0,1,2,3,1,3
9311e8eb10cb263b25151ef96685890e,1,0,1,0,3,2,0
eef51ec4226a83e52015f149a3dc8466,1,1,0,10,24,2,14
2bf242c57bc83eab794d18078346d6c1,1,0,0,5,10,0,1
3d7f72ea5f2c0aa396457989d29443c5,1,0,1,3,4,1,0
3e53b4b3d26a301f03a75972409e7215,1,0,1,3,6,2,0
584ca45bd9d0773ad48b65d759b460da,1,0,1,7,11,3,1
3492862ee8e1b60f92efc1e2a3afc2db,1,0,1,0,2,1,0
d1d09dd54d922075f51516f0382ee042,1,0,1,2,2,1,0
