md5,modifier,args_num,return_type, cfg_finger
e3d08c2a1bcad41545c35649f09e139c,1,1,0,95e04f330b7eb1308dfb20d6d9361821
cb28975d514c67b812205bf7638a2c6a,1,4,-1,bd1d6a0f61e4de55319f54424ce32f63
111904ccb8fea0d1f07124bb2945ec64,2,2,0,2fff848f8601c2a716a6d45abcc16be0
5dbc669418538143541abfb5c6b56e4c,1,0,-1,fcfde31e87dd5ecd1694ca3f72475ef3
505312a655ffb41bf5e4c70123b36808,1,0,-1,a52bf3ea076f1e4641761cd72335fe3d
32d6208bfacaf74ff05736307ca51e38,4,2,0,018890ff2d2ce1a554994bbcaff9a8fd
4c6bf8edd179d0b487ddd5c177b89a5c,9,1,9,06289a6a3fcb2fcdd286a987c2978ccf
a5d5f422fe017528df4e843a247a5fbe,1,0,1,41fdcacf32afe0d2ea1b08d1de4bc289
0ec2fbe458f948e2d3b18a19f4e10a5e,1,0,9,7696bf50945f46c6d06cc3d1fc103939
d8540ce082587ddf7058a4ec5f9bb068,1,3,0,8e4a4cb4f0b5c3f6d060deb21cec7aa3
7bcf2253b361ee26a7ddab4052fc8a11,4,1,9,f7cf293d92d6389cf810ce9eb14aa9de
4b7bb3c53640100bdd5443ac88c4e36c,0,3,0,f4a89880a6a6ac3647d86579af42d61c
7239529be162706feb679fbec6dd0dde,1,4,0,a00daa76687551fc7d98578c308092c5
9d3273f9d6e278c1de9a670d9fcf8264,1,1,9,e7793dbdb9b4f74fbaa743bcccda4529
73c45dbf5a17cacd9efbb61f802a8dec,1,0,9,f18dcac327e14c8990237952fc1580b5
6a56e0ba1f0e4e9a0b108d5bf0e6eb4d,4105,1,1,0c8d26f8fe54131167facd54df2bdbbd
c50a27beb5f60af65a89ee82716f467d,4,0,9,c3743d722e4f99a800f13a1d9876d517
84ebe06ae5a9c1473590f3a7a3d44f73,1,0,0,2001fa3306172858fdd64961fbac1755
5d6111d55ebe5bf8cd1527a8138ec30c,4,2,0,a1dceb0f964be92c45600e34bfe1608f
28238b7feed2023a2b31a36d6c2801bd,1,0,-1,cc37aec67cb5ce3ec3a2190a7b83f2b0
e3c1e9e884760a83e6776f4fd6f7e7e9,1,2,0,a52bf3ea076f1e4641761cd72335fe3d
15222acce49ccbac0f139b52fc35d839,1,1,-1,3361154661e4b7eaa60e3fd02f9d8a67
758e0d67c8d42c52dff16a284a756b7d,4105,8,0,6ed900b0043047a2cf115a84e2dd6475
ba6ddcdfc3612d48360b31f3955a3b56,4105,2,1,b21f205dc9422ab15cb246b427206deb
da3f0b0f1ee22d755eab3a8aa53efed9,0,1,0,a52bf3ea076f1e4641761cd72335fe3d
e51549bdc8cc3dfedcc7e033cf5c5928,1,4,0,a4a32dff6e52301ff6398efb09cc666a
f8a57eecb2d41651459d610e39d2991d,1,0,-1,dbbe01daa3dc41c9c78eec9bf2211591
11cb11f57808bf8440d141e5dc55df55,1,1,0,f4a89880a6a6ac3647d86579af42d61c
09f88b793ae7464fa84f70d875eadf4c,4,2,0,b060ba466c7eefe8573782b4bdeac9cd
a72e1b676ea31f045957133bb2a1c89c,1,2,9,910dea69d3b4985b4d1033696330a3c3
a436a62222899851200f44897bd3a426,4104,1,-1,2e44db0905d568a015def7fcfebf204d
d3f7d70ee5a5bb661503a12fc4afec38,1,0,-1,e39d762afdb597edee0e1d390065fc7e
90297a643f7ae002c9d0067b9344d8f8,1,2,9,35d6e419122e0d7dc9ae5e49d994b469
eef382cee3e2526942449108c31b5f8b,1,0,0,cc93e2b7c80caf7c50f401a0ecc4c0d4
1811c091d3d2776fa488bb69c054ae6c,1,0,0,7696bf50945f46c6d06cc3d1fc103939
616b423ef01ca3ec76cabb7c80a0095b,4105,1,9,dbbe01daa3dc41c9c78eec9bf2211591
372a30d93089a00971058186eb75504f,1,0,0,1774023bd460d2fde292efd15426dae6
a281620e7b34649fce063fcce1f15528,2,3,0,da0e170b9dc732ff7ddfbc5569642124
2d21c6b4f029d663613eec3d1b0c3fbe,1,1,9,10f3b2f4368303da9b803b07a0175d47
009384c5278ff2628cd2252c0c2f4ca7,4105,1,1,748e794ecab1cba0d96e27756696aea6
babd4aee7d03af8aebdad66d63a61121,4,3,0,63189e9c3420c64e111a6fb32236b58f
71e4a8f88f788ab24f56b164eac7d7e0,9,2,9,6e7174bb7b9c6084173a867828d595e4
0a6f0fe73c9be7e67b1323f52bca9191,4,2,0,eaad0afb8f7f05d2c36430a8e12b0d19
bb4f88cba5e940b9af24561dd4dca211,1,0,0,b2072c9711e313e1aaea856159d03ecc
563e705fed679f112174d8be56aa90ed,4097,1,9,a52bf3ea076f1e4641761cd72335fe3d
c74169418c3ed662e7f1bdd21769df03,4,6,0,7696bf50945f46c6d06cc3d1fc103939
fc7a9b740c6d6399510fafada64129fa,4,1,0,8d8ab1c156c259dbebe1b36fb0b61f93
09d323b9be65f690e49a91faa281cc21,4,5,0,8e4a4cb4f0b5c3f6d060deb21cec7aa3
ef8b67a9bc089aab34d8312dd6153c80,4,2,0,d50f8da5ae5e6dc072d2a3fb50c0085f
4bd90e43efce4ea8c11b1b9cbc05724f,4104,2,1,41fdcacf32afe0d2ea1b08d1de4bc289
172162bffb5a151534ef3b08f71c5893,1,0,4,2e44db0905d568a015def7fcfebf204d
f9981ebb14666554ac5848e3bc6ebe11,4,2,0,90b7d058b5172187811dda02e6eb1e79
65b36e2892ae6cf4c4a75ef4eb9cf1dd,4105,2,9,41fdcacf32afe0d2ea1b08d1de4bc289
57bf37b09d7894fd87c4fe9066ced514,4105,1,-1,41fdcacf32afe0d2ea1b08d1de4bc289
fee0f97ac92c9c204b294074e1e20b05,1,0,9,546a44f49bbe5204376cfaad74e6c9a3
87f35e2ac42dce9776061a3fffe1f7da,1,0,0,41fdcacf32afe0d2ea1b08d1de4bc289
02155dae503f6eddd32d0b78efdf77f8,1,0,-1,c85899dd9af030ee92a6bdbfa405a73c
ff88618c9828ee470c0b264ca6df23ac,4105,2,1,a52bf3ea076f1e4641761cd72335fe3d
3543d5fa3469d419e44d27c5ab1e1f29,1,1,-1,41fdcacf32afe0d2ea1b08d1de4bc289
350f41ae2d1dc2798089d252db91290e,1,0,-1,7696bf50945f46c6d06cc3d1fc103939
8624937f268dd1f7278670e1bc4973a1,1025,0,9,d41d8cd98f00b204e9800998ecf8427e
1e9606eedbfc0013745deb870f284e3a,1,0,0,9bfb4ca2a06d2bccea2907cb7a7d0444
9000f1135e55cd8755f38fee5de83fcd,1,0,0,03e1c0dc4b2dbbbcfc86426e24cb7870
223acc8d675ba989234c8b900de97ca0,4,3,0,eed6d25a63a9e8b3470bb2b168e86628
53efd9ed345a4f0e17cda2075daac08f,9,1,-1,6242cf291045c07cc9f681c43c3dc7a2
e8b9557119c746d838110198c4af2040,1,0,-1,7fe4d2a103f27d8e2a3e4814e7843ef3
29b95aa6d098384360c4c137ac4f72af,1,4,0,2ce5bb5de316f7cde6904cd8fe02674c
b378915f81f81b61bf93b9370c6b5c24,1,0,0,f41cc31774d63799871f7957a2f2bd06
eee603a525d2418d10bbb0b78f2ab27c,4105,2,9,7696bf50945f46c6d06cc3d1fc103939
b69cae45bb9bc63435a83306ff2aa94e,1,2,0,1678f046b7252ccc82d31988fefac65e
3c782d87fde7ea3f7e7198e5d756cfa5,4,2,0,8c5c1a84fdd1fa5effdc010d58b71191
86288131969330cf08d03f6becffbb91,4,3,0,f34397c5e11f1dbe8d71bc93c75d4f91
f791a0337bf0433e1a5cbef623c07d84,1025,1,0,d41d8cd98f00b204e9800998ecf8427e
865aa5e0ac5fdd53a05ea7646fea4335,1,1,0,dbbe01daa3dc41c9c78eec9bf2211591
edfa70a1b3a492a4293f8055c38e239a,1,1,9,b81814760630b005db2599e4263592c5
1e5dbb8868080b5cc2f5135a098a4d12,1,1,0,4d24ada9f5b68496a5859db9fbf39e4d
637ad0ec06cfcc6266fe2128afee7aec,1,2,9,ae4cc1c6a33e6a9532469315b99fac16
9cb8989f5cbeb8d74b357a318d01c5fa,4,3,0,0e56adad4c6acf28160734c5e714bd4e
74635393b6fbc5b752f24bfb36b90125,4,5,0,5f3b0534e3a15fd5eee6e250a26a6a0c
fb3ffd3a3b4901450bb3f31c8fab57a5,1,2,0,e39d762afdb597edee0e1d390065fc7e
2858b654656d61738715678df1625393,4105,2,9,e39d762afdb597edee0e1d390065fc7e
5aef10f743495dae6dab860fd7781eed,1,2,0,d3306a7354a1e16312afe5083e79ad95
e79e6a936a2a1c6cccfb6f14d46ee566,1,2,0,a0c56827156c6775ef1ba7b2ebd2424d
dd37f83c16a44529f2d616da500897b4,1,1,0,41fdcacf32afe0d2ea1b08d1de4bc289
58ba68b044de98cb71599fab97189fa8,4104,1,9,2e44db0905d568a015def7fcfebf204d
68c9367d4072be0ba5a482cc854221a7,1,1,9,7024e1769b2d2794fa9392f95cf0f0cc
ca4f0a00e94a7f08d5d16b5be1fcd24e,4,5,0,77247f79405ec3fc79e4297177da5b3f
4a7543d88c05c1b854f8a083a7ffd808,9,1,-1,7696bf50945f46c6d06cc3d1fc103939
d54eb56998f12bc22da2712298bc70d2,1,3,0,f4a89880a6a6ac3647d86579af42d61c
0d1b0eccd370f1afff945ee297da4c34,1,0,9,2e44db0905d568a015def7fcfebf204d
a29e25cd90a3e4438513a9c1454e8d0f,8,0,0,85db4154015c310b599aa4d08daf0535
1daaef4eced7274c1138571ed3ae2af5,2,0,0,e39d762afdb597edee0e1d390065fc7e
c39cb67489da6033e1d292d5c8650266,4,6,0,cc37aec67cb5ce3ec3a2190a7b83f2b0
7c045148f4db05ea65f72833263bea46,1,1,0,2e44db0905d568a015def7fcfebf204d
342bcd7b5e858356719592667b139701,4,2,0,64ac4bdbc638aefb7df8553de773a1f1
974541636028aecf02cafb577a043ea7,4105,2,-1,ce0118dac893967c58b035905189a749
6f223d2b86c362243fa723cf730fa603,0,4,0,63c9964d0eea1cbd55dee10e93368c7a
e77eb3f7b72ef050c3aabc90ea71dc51,1,4,0,6f838cdb5e2316a863fbf42b2ccf6074
760b8a36e307ec25b87792546f8c1c51,1,1,0,7696bf50945f46c6d06cc3d1fc103939
30d1910e186c83bdea5f91bb63d8ff1b,1025,0,-1,d41d8cd98f00b204e9800998ecf8427e
ccd5801308d4c106a6fed202cf78b5bc,1,6,0,558f0c52f7caecafb7086364978399ba
aa070010d849b8651cfdbcd6f196e859,8,2,9,fcfde31e87dd5ecd1694ca3f72475ef3
5a23db52e7506d88316729161b4c5b34,2,2,0,2b3809ab5b06a8c0eee85195db77d2e6
85b2561518605ea1d0d7259c074d9ab0,4,1,0,1c8fb84237ae39888fd9b26c5769c2f4
e149a5e72a05ff4cfd23963f796ccaf3,1,1,0,d0799e425e84365884490d530bf30f70
e699b9e83144432ae5c3d87775425248,1,0,-1,f4a89880a6a6ac3647d86579af42d61c
f5a15911fe2eb3dd9bea46c033c65b79,1028,2,0,d41d8cd98f00b204e9800998ecf8427e
dd43c926e6fc8bb02726dfd344aa5328,1,0,9,41fdcacf32afe0d2ea1b08d1de4bc289
9b643a4e844b2e60c254f45fb4b0138d,1,0,9,93a4e92e564cb03b6b6aabfa4e3ffedd
8f8a147d0e658ffcd00e9184d5811808,4,2,0,dbbe01daa3dc41c9c78eec9bf2211591
a48b503a4d32fc52e0210522c96b48eb,1,0,0,f02f559ddc77cf45ed843a5edfd3c99c
c9403eca3e90e3e3b95dec9953786e92,1,1,0,282769928a197544f713c23a0eaeb224
55c786326f0292bfcde049ae7b93b919,4,1,-1,fcfde31e87dd5ecd1694ca3f72475ef3
ee411b2f9507d5f14f64d02ab87f31e5,1,1,0,5ae4ab95eb3f92d3cdf927242abdac53
72dd0e92ea437f171a3181a1b0c9c91e,1,1,0,7fe4d2a103f27d8e2a3e4814e7843ef3
55e39b58cc35d200469ca218f5f68122,4105,1,9,41fdcacf32afe0d2ea1b08d1de4bc289
45c3271fce7b7557af8674792602c200,1,4,0,dbbe01daa3dc41c9c78eec9bf2211591
84e12d1cf387861425118f86f38e298e,4105,1,1,c85899dd9af030ee92a6bdbfa405a73c
d909b2d0cb4ff52053452e1d07354ace,0,2,0,6f838cdb5e2316a863fbf42b2ccf6074
fab544674340dfa1d6fca8de574e8ca2,4,1,9,9412c7d9704b4bc9e139f6173688ca53
1629d981286b7d76a7cdad75b4226739,4105,2,0,fcfde31e87dd5ecd1694ca3f72475ef3
21048671e056fbdbd21887f889dc8eb0,1,1,0,1f9d2b8655f76e18838c78c5c6922e2e
f65dabc9d798a28a3086ae6966ddc523,1,4,0,4e809e37da3faec15c76a1e6141a8be4
cad8ff35c51f9b5b40d0b2002f15598e,4,3,0,b76d7682d40061c8dd5ba233fe53cb5d
6205a75a11bd97f93cab3ab3eb44f71b,4,2,0,cc37aec67cb5ce3ec3a2190a7b83f2b0
4f7e0207c3e6dc78883a88603617c256,4,3,0,c555a0dceb7c19b511b3100c65c6d463
a259d6a18fac3c6fc31d80e135ba65ae,1,0,0,4a1807a9be97bd7ac45e666a7c317415
7903c50c37b9ae76bcfe8e780e936b2f,1,1,9,e47f7aa8f99d864bf4e351fb3057755f
4343280fd5fc1a2a539dd4e1aa921b73,20,2,0,8d8ab1c156c259dbebe1b36fb0b61f93
0d1c0063ec01794f15bdc68c44183239,1,1,0,e39d762afdb597edee0e1d390065fc7e
3307b58695d9841785b55ca76033ef49,4,6,0,ddaa80d5c6da0aadcf1dffa821897fcb
959364b394929ae15c86dfadd16f74a0,4,2,0,484ff3888a26cd880987516eb19a6ed2
1cc9ace98845183dac31a48969efc8aa,4,2,0,09abef34060f92e51ddff169e9d56074
e46239516be094c74219f4cbd5bbc9f2,1,1,9,a52bf3ea076f1e4641761cd72335fe3d
688362ae638a922757e01b2512c92827,1,3,0,6f62ca89bd0e4dd0c6cf3526a8ef9373
dd29ccc7e591488415531815db2eb137,0,0,4,f4a89880a6a6ac3647d86579af42d61c
5937fe801c6788e7066623b5979407f4,1,0,9,df99eb9c8cff99dce31e16b31310e157
a84371f4bcebe0fe9e961d6bfd22c821,4,2,0,5d84df108ada7871d6c642183550846a
586cb31119a0cf678a7f0a7f0020e067,1,0,0,bfaf90191b2fa023a5a88813dc097002
32e32c6066ac64e3bc9a8933b7c141a0,1,4,0,7ac9a194e8ff39e81fc51e4a98f3973a
dfc59d7ff159e7d36b55e02ff317d7a8,1,0,0,5d3363a393425c9aa89cc9d85f9d40cb
058aea466658c912c3abe076d174d1f2,4161,0,-1,2e44db0905d568a015def7fcfebf204d
396fd0d341a16d00f5bef803a0919a6b,4097,1,1,a52bf3ea076f1e4641761cd72335fe3d
680722045495c24723e0e59c56e25ba2,1,0,0,2e44db0905d568a015def7fcfebf204d
f9f23bbd21bc54213d187716996f2d41,9,1,9,fcfde31e87dd5ecd1694ca3f72475ef3
f7411ef56c562720a563ee5a564814ae,1,1,0,1c8fb84237ae39888fd9b26c5769c2f4
73829841b2dbdf8f040f9effb9e65a6a,1,1,-1,d667f5d7edb777db7007504396c434b9
925f93dc1fc616ac31c4f40c01717ad3,1,4,0,e39d762afdb597edee0e1d390065fc7e
520813afb6146c9cc7ffc4bce178f070,1,2,-1,ffea505d1cd25130393f6c02a92e12af
c8f511f6fa2061fc1b409aa164e0d4e9,1,0,-1,41fdcacf32afe0d2ea1b08d1de4bc289
4210f150c8b31dab217aa49a3d8a4114,1,1,-1,8e4a4cb4f0b5c3f6d060deb21cec7aa3
8c064c9e1518c129cf2e8af75bb12aca,1,1,0,3459f9a1ba0af050bc59c6f96a6309b6
028b521d8e3a9b9c710c50afe5625d92,2,0,0,f4a89880a6a6ac3647d86579af42d61c
0cd54343198ec3f8aadcbb9f2bb2a6ae,1,1,9,fcfde31e87dd5ecd1694ca3f72475ef3
ca113ce438f3cab2b4ddd6e5e88e59b1,1,2,0,7fe4d2a103f27d8e2a3e4814e7843ef3
b9f86878017c2ffb2d2285bd8621dc5a,1,0,-1,2e44db0905d568a015def7fcfebf204d
de6676b73e2c681d50467088baf5ca67,4097,1,0,41fdcacf32afe0d2ea1b08d1de4bc289
d5f0dcb08d055c9aa102fe96fde7fcdc,1,0,-1,e8a83964b1ec776cac7c9ba9734fd11b
9a1b429390dafb9681baa2faf23c3c8e,4105,2,1,e84c3a7d22892fde382f1e2e5b38326e
ba6b06a98735883cfdda39b6934be1bf,4,2,0,fcfde31e87dd5ecd1694ca3f72475ef3
f3e3203620524a6cad5e49b6b1e9e896,4,2,0,f4a89880a6a6ac3647d86579af42d61c
442765daf9a6caf40989c3c208978a37,4,1,-1,ead55ef382293143309c68b0dfe1b6c2
0635aa45be969e943f89d7fdce71fb90,2,2,0,bd5fe7924b5949dc33c30b7005b18365
c2c8d2ed5fad7acb2189e93508d2a830,1,0,9,d2295710c4207f914c408c89265703df
e41830715946d81e52c73a8509125ace,1,2,0,188bae6ff03ee848e5e0cb55848bb19b
151ae676cc51160e4ce8a262f7ca0c0e,4105,4,-1,dbbe01daa3dc41c9c78eec9bf2211591
54ff5f0cf805c6cf364aa20ec203fec5,4,2,9,d667f5d7edb777db7007504396c434b9
0a03228b20f7ca1a3e923d335bb3a611,4105,1,1,a52bf3ea076f1e4641761cd72335fe3d
37405d0379363e62b3b51aa26a667d1b,1,9,0,a13f7493735294f9e28bc8e2d8225c08
f73b60022ddc9f5989e3cff49241a699,4,2,0,7696bf50945f46c6d06cc3d1fc103939
b99369f98c029370328355442003f24b,4,2,0,e39d762afdb597edee0e1d390065fc7e
0af3726b5dc42c929d29dfd3202b9529,4,1,9,3706c56752338b1a2cb8b407b44db229
3d1b68f49cecfbbfd8ea6c5bfdcb303c,4,3,0,e96800596585f8addff99f45a765a847
0af58e0a9362694a63232880f423b01f,1,4,0,a73d9679261f2084f81847bbdb262524
15fd169e60967d2b6a9e9d06118cae30,1,2,0,6f838cdb5e2316a863fbf42b2ccf6074
7c0f2f8c27e310831bb626c02422ac19,1,0,9,c85899dd9af030ee92a6bdbfa405a73c
362311298348fdc9d5d62e36dc36d473,4,4,0,6fdd5f5c21f1c9045058d31f1c93656e
f5238a3a6f495c325860f07d59a66ed2,8,2,9,ceefe1c1d46493ba01a25864d5f1a483
31c903942228f70540e8c0498925bb5d,1,1,0,a52bf3ea076f1e4641761cd72335fe3d
5b3fbc4dbf0beab06541f2d9e23d5dc2,0,1,0,7fe4d2a103f27d8e2a3e4814e7843ef3
c02d4068651bfe59b6d185228b4d1db7,4,1,0,a52bf3ea076f1e4641761cd72335fe3d
95239c738498fc5fba5b14178bb29977,4105,1,0,2e44db0905d568a015def7fcfebf204d
b5181301a6c183c18b3742dc9b8b421b,4,1,0,5190b1496c2b21cc92570b49fe04a6e3
7872a0b97ece753d8cba1b06785bd6f8,9,1,9,a59626523cd88fed7c5f32e3e7a7808b
3c59d8175de3ec8645b045bf75002923,1,4,0,eb8fe8936efa944166393be9fbc2f3fe
41d27d02c3582d6633044a7f230b4609,1,0,0,c1db57e9c49ff2c3bedc7d4556fbe5e8
edb8ffa7bab425b8810fa541aefd2541,1,4,0,188bae6ff03ee848e5e0cb55848bb19b
32a920451b2f82337760473b3c1e22c1,4,2,0,188bae6ff03ee848e5e0cb55848bb19b
d1170ee58f2be999b6256cd1a7e6f55b,1,2,0,fcfde31e87dd5ecd1694ca3f72475ef3
3234e0f0eabc2933f973a4faee6c39f0,4,1,1,9a62f9a914dd126ab9c0e510048f902e
758214519f530f389fa350170db0b41f,0,0,0,f4a89880a6a6ac3647d86579af42d61c
849d3ecf2e23cad07402999faa2e9ba6,1,1,-1,dbbe01daa3dc41c9c78eec9bf2211591
013eb15d341ccabdc03a27d38ef6da17,4,5,0,d3306a7354a1e16312afe5083e79ad95
6d08b0f6adc2536420a643e1db4bb802,1,0,0,f4f9549039450990276fd78f5344aad3
