file_md5,class_md5
8072301d3c1717bde32ce726ca3b17aa,327fde4782bdf27fdb63b2a377376910
8072301d3c1717bde32ce726ca3b17aa,4885e1ca1ca1117558af9f8fff8c8f48
8072301d3c1717bde32ce726ca3b17aa,96a9bf3c6410e31a4042d54c1a43a2fd
8072301d3c1717bde32ce726ca3b17aa,5b0870a8a6463b14f72a3d2f473b2bb6
8072301d3c1717bde32ce726ca3b17aa,d4ede010a606bb0c6678c8f1a4f64c33
8072301d3c1717bde32ce726ca3b17aa,67c08ee0f881e318be4e0d0f4ca40f45
8072301d3c1717bde32ce726ca3b17aa,9311e8eb10cb263b25151ef96685890e
8072301d3c1717bde32ce726ca3b17aa,23eeb60ae7fb4ea7acaf49dc37e605aa
8072301d3c1717bde32ce726ca3b17aa,c9b5339ffb21609b4734acf99febe858
8072301d3c1717bde32ce726ca3b17aa,fed8ccee57d64a481016f9581ccdc927
8072301d3c1717bde32ce726ca3b17aa,f32bebcb6cdb9ba6537c0eae1a0d8257
8072301d3c1717bde32ce726ca3b17aa,bf3e7ff2822e6f12e5d36beb747904bd
8072301d3c1717bde32ce726ca3b17aa,2bf242c57bc83eab794d18078346d6c1
8072301d3c1717bde32ce726ca3b17aa,937bddd07c74f8695b0175673a510b06
8072301d3c1717bde32ce726ca3b17aa,6ff43ef89b35a6102b5ca0b613e227f1
8072301d3c1717bde32ce726ca3b17aa,b1410fffbb5dec080add25d44b9bb7be
8072301d3c1717bde32ce726ca3b17aa,b23dc0a215674252053446e94f30ce47
8072301d3c1717bde32ce726ca3b17aa,da076e68ab6dbf3c4b832a03fab59c2e
8072301d3c1717bde32ce726ca3b17aa,8c786eabf66f8e7e77256b0633e85d9a
8072301d3c1717bde32ce726ca3b17aa,6b9f242bf7ec01b390b3380f8fc9ab75
8072301d3c1717bde32ce726ca3b17aa,242df942900dc5ef5c631dc552b4bc45
8072301d3c1717bde32ce726ca3b17aa,584ca45bd9d0773ad48b65d759b460da
8072301d3c1717bde32ce726ca3b17aa,8344bb7f7eb5290a45a7d357c79fa569
8072301d3c1717bde32ce726ca3b17aa,4621f0a4c599e43d3a748e1095fe3617
8072301d3c1717bde32ce726ca3b17aa,eef51ec4226a83e52015f149a3dc8466
8072301d3c1717bde32ce726ca3b17aa,0ee9146d52686241d8f4439a5a57f197
8072301d3c1717bde32ce726ca3b17aa,117c3c36089856e52514eb52ab130cd7
8072301d3c1717bde32ce726ca3b17aa,1b5a200c1f48053845e09e17bef0d122
8072301d3c1717bde32ce726ca3b17aa,a2ac91c72e2cf62903dc19a97d91fcac
8072301d3c1717bde32ce726ca3b17aa,ec17051335f5d89142e24e0776ba983a
8072301d3c1717bde32ce726ca3b17aa,1035b7f893b1f9b006cf0670b160aff6
8072301d3c1717bde32ce726ca3b17aa,f8ef74b7012ccccfd984ba2da767428b
8072301d3c1717bde32ce726ca3b17aa,bce7acae44c0fe5800291bb218fbf190
8072301d3c1717bde32ce726ca3b17aa,837b58a6c7ce817b03aa94cc83b27b0f
8072301d3c1717bde32ce726ca3b17aa,d1d09dd54d922075f51516f0382ee042
8072301d3c1717bde32ce726ca3b17aa,b177664aea30b5aef75771373d1ce243
8072301d3c1717bde32ce726ca3b17aa,0919623160867bdea28d41d46c0295e1
8072301d3c1717bde32ce726ca3b17aa,3e53b4b3d26a301f03a75972409e7215
8072301d3c1717bde32ce726ca3b17aa,0155830c74e6b7381f863936dc4d2033
8072301d3c1717bde32ce726ca3b17aa,04664402934f7909caa487eb69928b58
8072301d3c1717bde32ce726ca3b17aa,3492862ee8e1b60f92efc1e2a3afc2db
8072301d3c1717bde32ce726ca3b17aa,fc72d233a267ba4b1adf5ec607de5c19
8072301d3c1717bde32ce726ca3b17aa,329b9f6214f5f54dcf540f1a1c76c567
8072301d3c1717bde32ce726ca3b17aa,628478b43941578861ab39fae4e1229d
8072301d3c1717bde32ce726ca3b17aa,64a59cedfd74f263a6f130149d043f01
8072301d3c1717bde32ce726ca3b17aa,c5691922bbc95c3b172a48a582883686
8072301d3c1717bde32ce726ca3b17aa,bbfd53cd197a02b0d562846d1a3724bb
8072301d3c1717bde32ce726ca3b17aa,a288e27449e5f34dd3c6f7b00144ed46
8072301d3c1717bde32ce726ca3b17aa,3d7f72ea5f2c0aa396457989d29443c5
8072301d3c1717bde32ce726ca3b17aa,86f0e397874e48601c792c5c01ceb9d3
8072301d3c1717bde32ce726ca3b17aa,5201ff84306fd4bf47c4d052a095b421
