class_md5,method_md5
bf3e7ff2822e6f12e5d36beb747904bd,55e39b58cc35d200469ca218f5f68122
6b9f242bf7ec01b390b3380f8fc9ab75,da3f0b0f1ee22d755eab3a8aa53efed9
a2ac91c72e2cf62903dc19a97d91fcac,b99369f98c029370328355442003f24b
fed8ccee57d64a481016f9581ccdc927,925f93dc1fc616ac31c4f40c01717ad3
b177664aea30b5aef75771373d1ce243,de6676b73e2c681d50467088baf5ca67
1035b7f893b1f9b006cf0670b160aff6,ba6ddcdfc3612d48360b31f3955a3b56
117c3c36089856e52514eb52ab130cd7,7c045148f4db05ea65f72833263bea46
937bddd07c74f8695b0175673a510b06,865aa5e0ac5fdd53a05ea7646fea4335
5b0870a8a6463b14f72a3d2f473b2bb6,a436a62222899851200f44897bd3a426
f32bebcb6cdb9ba6537c0eae1a0d8257,0d1b0eccd370f1afff945ee297da4c34
b1410fffbb5dec080add25d44b9bb7be,172162bffb5a151534ef3b08f71c5893
1035b7f893b1f9b006cf0670b160aff6,28238b7feed2023a2b31a36d6c2801bd
837b58a6c7ce817b03aa94cc83b27b0f,f791a0337bf0433e1a5cbef623c07d84
eef51ec4226a83e52015f149a3dc8466,b9f86878017c2ffb2d2285bd8621dc5a
327fde4782bdf27fdb63b2a377376910,f5a15911fe2eb3dd9bea46c033c65b79
1035b7f893b1f9b006cf0670b160aff6,e699b9e83144432ae5c3d87775425248
6ff43ef89b35a6102b5ca0b613e227f1,a5d5f422fe017528df4e843a247a5fbe
da076e68ab6dbf3c4b832a03fab59c2e,b9f86878017c2ffb2d2285bd8621dc5a
6b9f242bf7ec01b390b3380f8fc9ab75,e51549bdc8cc3dfedcc7e033cf5c5928
b1410fffbb5dec080add25d44b9bb7be,68c9367d4072be0ba5a482cc854221a7
9311e8eb10cb263b25151ef96685890e,6205a75a11bd97f93cab3ab3eb44f71b
64a59cedfd74f263a6f130149d043f01,680722045495c24723e0e59c56e25ba2
04664402934f7909caa487eb69928b58,babd4aee7d03af8aebdad66d63a61121
fed8ccee57d64a481016f9581ccdc927,7c045148f4db05ea65f72833263bea46
c9b5339ffb21609b4734acf99febe858,925f93dc1fc616ac31c4f40c01717ad3
da076e68ab6dbf3c4b832a03fab59c2e,dd37f83c16a44529f2d616da500897b4
04664402934f7909caa487eb69928b58,72dd0e92ea437f171a3181a1b0c9c91e
2bf242c57bc83eab794d18078346d6c1,0cd54343198ec3f8aadcbb9f2bb2a6ae
584ca45bd9d0773ad48b65d759b460da,563e705fed679f112174d8be56aa90ed
1035b7f893b1f9b006cf0670b160aff6,d3f7d70ee5a5bb661503a12fc4afec38
fc72d233a267ba4b1adf5ec607de5c19,f9981ebb14666554ac5848e3bc6ebe11
96a9bf3c6410e31a4042d54c1a43a2fd,372a30d93089a00971058186eb75504f
eef51ec4226a83e52015f149a3dc8466,7903c50c37b9ae76bcfe8e780e936b2f
5201ff84306fd4bf47c4d052a095b421,b9f86878017c2ffb2d2285bd8621dc5a
b23dc0a215674252053446e94f30ce47,849d3ecf2e23cad07402999faa2e9ba6
d1d09dd54d922075f51516f0382ee042,680722045495c24723e0e59c56e25ba2
0ee9146d52686241d8f4439a5a57f197,da3f0b0f1ee22d755eab3a8aa53efed9
c9b5339ffb21609b4734acf99febe858,1811c091d3d2776fa488bb69c054ae6c
eef51ec4226a83e52015f149a3dc8466,4c6bf8edd179d0b487ddd5c177b89a5c
2bf242c57bc83eab794d18078346d6c1,5b3fbc4dbf0beab06541f2d9e23d5dc2
3d7f72ea5f2c0aa396457989d29443c5,7c0f2f8c27e310831bb626c02422ac19
3e53b4b3d26a301f03a75972409e7215,84ebe06ae5a9c1473590f3a7a3d44f73
584ca45bd9d0773ad48b65d759b460da,58ba68b044de98cb71599fab97189fa8
3e53b4b3d26a301f03a75972409e7215,45c3271fce7b7557af8674792602c200
f32bebcb6cdb9ba6537c0eae1a0d8257,d54eb56998f12bc22da2712298bc70d2
2bf242c57bc83eab794d18078346d6c1,fb3ffd3a3b4901450bb3f31c8fab57a5
584ca45bd9d0773ad48b65d759b460da,32e32c6066ac64e3bc9a8933b7c141a0
3e53b4b3d26a301f03a75972409e7215,f7411ef56c562720a563ee5a564814ae
bbfd53cd197a02b0d562846d1a3724bb,31c903942228f70540e8c0498925bb5d
86f0e397874e48601c792c5c01ceb9d3,7c0f2f8c27e310831bb626c02422ac19
937bddd07c74f8695b0175673a510b06,8c064c9e1518c129cf2e8af75bb12aca
f32bebcb6cdb9ba6537c0eae1a0d8257,02155dae503f6eddd32d0b78efdf77f8
23eeb60ae7fb4ea7acaf49dc37e605aa,73c45dbf5a17cacd9efbb61f802a8dec
0155830c74e6b7381f863936dc4d2033,1cc9ace98845183dac31a48969efc8aa
a2ac91c72e2cf62903dc19a97d91fcac,3c782d87fde7ea3f7e7198e5d756cfa5
d4ede010a606bb0c6678c8f1a4f64c33,6a56e0ba1f0e4e9a0b108d5bf0e6eb4d
6b9f242bf7ec01b390b3380f8fc9ab75,f65dabc9d798a28a3086ae6966ddc523
eef51ec4226a83e52015f149a3dc8466,fee0f97ac92c9c204b294074e1e20b05
5b0870a8a6463b14f72a3d2f473b2bb6,a48b503a4d32fc52e0210522c96b48eb
86f0e397874e48601c792c5c01ceb9d3,ee411b2f9507d5f14f64d02ab87f31e5
c9b5339ffb21609b4734acf99febe858,a72e1b676ea31f045957133bb2a1c89c
a2ac91c72e2cf62903dc19a97d91fcac,2858b654656d61738715678df1625393
bbfd53cd197a02b0d562846d1a3724bb,d1170ee58f2be999b6256cd1a7e6f55b
2bf242c57bc83eab794d18078346d6c1,0d1b0eccd370f1afff945ee297da4c34
b23dc0a215674252053446e94f30ce47,223acc8d675ba989234c8b900de97ca0
584ca45bd9d0773ad48b65d759b460da,7c0f2f8c27e310831bb626c02422ac19
f32bebcb6cdb9ba6537c0eae1a0d8257,e41830715946d81e52c73a8509125ace
1035b7f893b1f9b006cf0670b160aff6,350f41ae2d1dc2798089d252db91290e
b177664aea30b5aef75771373d1ce243,57bf37b09d7894fd87c4fe9066ced514
a2ac91c72e2cf62903dc19a97d91fcac,fab544674340dfa1d6fca8de574e8ca2
a2ac91c72e2cf62903dc19a97d91fcac,ba6b06a98735883cfdda39b6934be1bf
1035b7f893b1f9b006cf0670b160aff6,b9f86878017c2ffb2d2285bd8621dc5a
64a59cedfd74f263a6f130149d043f01,a84371f4bcebe0fe9e961d6bfd22c821
86f0e397874e48601c792c5c01ceb9d3,9000f1135e55cd8755f38fee5de83fcd
eef51ec4226a83e52015f149a3dc8466,f9f23bbd21bc54213d187716996f2d41
eef51ec4226a83e52015f149a3dc8466,637ad0ec06cfcc6266fe2128afee7aec
23eeb60ae7fb4ea7acaf49dc37e605aa,7c045148f4db05ea65f72833263bea46
a2ac91c72e2cf62903dc19a97d91fcac,5d6111d55ebe5bf8cd1527a8138ec30c
628478b43941578861ab39fae4e1229d,edb8ffa7bab425b8810fa541aefd2541
9311e8eb10cb263b25151ef96685890e,0635aa45be969e943f89d7fdce71fb90
ec17051335f5d89142e24e0776ba983a,0635aa45be969e943f89d7fdce71fb90
5201ff84306fd4bf47c4d052a095b421,0d1b0eccd370f1afff945ee297da4c34
23eeb60ae7fb4ea7acaf49dc37e605aa,b9f86878017c2ffb2d2285bd8621dc5a
5b0870a8a6463b14f72a3d2f473b2bb6,21048671e056fbdbd21887f889dc8eb0
0919623160867bdea28d41d46c0295e1,b378915f81f81b61bf93b9370c6b5c24
bf3e7ff2822e6f12e5d36beb747904bd,0a03228b20f7ca1a3e923d335bb3a611
117c3c36089856e52514eb52ab130cd7,b5181301a6c183c18b3742dc9b8b421b
a2ac91c72e2cf62903dc19a97d91fcac,5a23db52e7506d88316729161b4c5b34
329b9f6214f5f54dcf540f1a1c76c567,009384c5278ff2628cd2252c0c2f4ca7
5b0870a8a6463b14f72a3d2f473b2bb6,55c786326f0292bfcde049ae7b93b919
3e53b4b3d26a301f03a75972409e7215,7c0f2f8c27e310831bb626c02422ac19
eef51ec4226a83e52015f149a3dc8466,90297a643f7ae002c9d0067b9344d8f8
327fde4782bdf27fdb63b2a377376910,6d08b0f6adc2536420a643e1db4bb802
4885e1ca1ca1117558af9f8fff8c8f48,013eb15d341ccabdc03a27d38ef6da17
ec17051335f5d89142e24e0776ba983a,680722045495c24723e0e59c56e25ba2
1b5a200c1f48053845e09e17bef0d122,7239529be162706feb679fbec6dd0dde
eef51ec4226a83e52015f149a3dc8466,2d21c6b4f029d663613eec3d1b0c3fbe
937bddd07c74f8695b0175673a510b06,e3c1e9e884760a83e6776f4fd6f7e7e9
96a9bf3c6410e31a4042d54c1a43a2fd,7c0f2f8c27e310831bb626c02422ac19
c5691922bbc95c3b172a48a582883686,009384c5278ff2628cd2252c0c2f4ca7
117c3c36089856e52514eb52ab130cd7,bb4f88cba5e940b9af24561dd4dca211
3e53b4b3d26a301f03a75972409e7215,c74169418c3ed662e7f1bdd21769df03
4885e1ca1ca1117558af9f8fff8c8f48,eef382cee3e2526942449108c31b5f8b
628478b43941578861ab39fae4e1229d,29b95aa6d098384360c4c137ac4f72af
937bddd07c74f8695b0175673a510b06,dd43c926e6fc8bb02726dfd344aa5328
c9b5339ffb21609b4734acf99febe858,688362ae638a922757e01b2512c92827
3d7f72ea5f2c0aa396457989d29443c5,e3c1e9e884760a83e6776f4fd6f7e7e9
937bddd07c74f8695b0175673a510b06,1daaef4eced7274c1138571ed3ae2af5
8344bb7f7eb5290a45a7d357c79fa569,c39cb67489da6033e1d292d5c8650266
b177664aea30b5aef75771373d1ce243,0d1b0eccd370f1afff945ee297da4c34
da076e68ab6dbf3c4b832a03fab59c2e,95239c738498fc5fba5b14178bb29977
a2ac91c72e2cf62903dc19a97d91fcac,1629d981286b7d76a7cdad75b4226739
da076e68ab6dbf3c4b832a03fab59c2e,d909b2d0cb4ff52053452e1d07354ace
bf3e7ff2822e6f12e5d36beb747904bd,586cb31119a0cf678a7f0a7f0020e067
d1d09dd54d922075f51516f0382ee042,a84371f4bcebe0fe9e961d6bfd22c821
a2ac91c72e2cf62903dc19a97d91fcac,f3e3203620524a6cad5e49b6b1e9e896
837b58a6c7ce817b03aa94cc83b27b0f,edb8ffa7bab425b8810fa541aefd2541
eef51ec4226a83e52015f149a3dc8466,e46239516be094c74219f4cbd5bbc9f2
584ca45bd9d0773ad48b65d759b460da,a259d6a18fac3c6fc31d80e135ba65ae
0919623160867bdea28d41d46c0295e1,680722045495c24723e0e59c56e25ba2
937bddd07c74f8695b0175673a510b06,c02d4068651bfe59b6d185228b4d1db7
6ff43ef89b35a6102b5ca0b613e227f1,f791a0337bf0433e1a5cbef623c07d84
c9b5339ffb21609b4734acf99febe858,c2c8d2ed5fad7acb2189e93508d2a830
da076e68ab6dbf3c4b832a03fab59c2e,0d1b0eccd370f1afff945ee297da4c34
c9b5339ffb21609b4734acf99febe858,8624937f268dd1f7278670e1bc4973a1
937bddd07c74f8695b0175673a510b06,c50a27beb5f60af65a89ee82716f467d
242df942900dc5ef5c631dc552b4bc45,7c0f2f8c27e310831bb626c02422ac19
b23dc0a215674252053446e94f30ce47,11cb11f57808bf8440d141e5dc55df55
b1410fffbb5dec080add25d44b9bb7be,4b7bb3c53640100bdd5443ac88c4e36c
96a9bf3c6410e31a4042d54c1a43a2fd,959364b394929ae15c86dfadd16f74a0
a2ac91c72e2cf62903dc19a97d91fcac,0af3726b5dc42c929d29dfd3202b9529
fed8ccee57d64a481016f9581ccdc927,4bd90e43efce4ea8c11b1b9cbc05724f
bf3e7ff2822e6f12e5d36beb747904bd,680722045495c24723e0e59c56e25ba2
1b5a200c1f48053845e09e17bef0d122,da3f0b0f1ee22d755eab3a8aa53efed9
96a9bf3c6410e31a4042d54c1a43a2fd,e77eb3f7b72ef050c3aabc90ea71dc51
8344bb7f7eb5290a45a7d357c79fa569,41d27d02c3582d6633044a7f230b4609
eef51ec4226a83e52015f149a3dc8466,396fd0d341a16d00f5bef803a0919a6b
a2ac91c72e2cf62903dc19a97d91fcac,8624937f268dd1f7278670e1bc4973a1
6ff43ef89b35a6102b5ca0b613e227f1,30d1910e186c83bdea5f91bb63d8ff1b
0155830c74e6b7381f863936dc4d2033,680722045495c24723e0e59c56e25ba2
04664402934f7909caa487eb69928b58,4210f150c8b31dab217aa49a3d8a4114
0155830c74e6b7381f863936dc4d2033,0635aa45be969e943f89d7fdce71fb90
0919623160867bdea28d41d46c0295e1,974541636028aecf02cafb577a043ea7
04664402934f7909caa487eb69928b58,9b643a4e844b2e60c254f45fb4b0138d
b1410fffbb5dec080add25d44b9bb7be,0cd54343198ec3f8aadcbb9f2bb2a6ae
67c08ee0f881e318be4e0d0f4ca40f45,3c59d8175de3ec8645b045bf75002923
a2ac91c72e2cf62903dc19a97d91fcac,3234e0f0eabc2933f973a4faee6c39f0
f8ef74b7012ccccfd984ba2da767428b,a29e25cd90a3e4438513a9c1454e8d0f
5201ff84306fd4bf47c4d052a095b421,57bf37b09d7894fd87c4fe9066ced514
eef51ec4226a83e52015f149a3dc8466,53efd9ed345a4f0e17cda2075daac08f
fed8ccee57d64a481016f9581ccdc927,a436a62222899851200f44897bd3a426
1035b7f893b1f9b006cf0670b160aff6,0ec2fbe458f948e2d3b18a19f4e10a5e
c9b5339ffb21609b4734acf99febe858,e3d08c2a1bcad41545c35649f09e139c
837b58a6c7ce817b03aa94cc83b27b0f,cb28975d514c67b812205bf7638a2c6a
117c3c36089856e52514eb52ab130cd7,0a6f0fe73c9be7e67b1323f52bca9191
8c786eabf66f8e7e77256b0633e85d9a,680722045495c24723e0e59c56e25ba2
da076e68ab6dbf3c4b832a03fab59c2e,058aea466658c912c3abe076d174d1f2
96a9bf3c6410e31a4042d54c1a43a2fd,f7411ef56c562720a563ee5a564814ae
a2ac91c72e2cf62903dc19a97d91fcac,342bcd7b5e858356719592667b139701
8c786eabf66f8e7e77256b0633e85d9a,4343280fd5fc1a2a539dd4e1aa921b73
a2ac91c72e2cf62903dc19a97d91fcac,7bcf2253b361ee26a7ddab4052fc8a11
8344bb7f7eb5290a45a7d357c79fa569,74635393b6fbc5b752f24bfb36b90125
a2ac91c72e2cf62903dc19a97d91fcac,3307b58695d9841785b55ca76033ef49
b1410fffbb5dec080add25d44b9bb7be,dd43c926e6fc8bb02726dfd344aa5328
a2ac91c72e2cf62903dc19a97d91fcac,fc7a9b740c6d6399510fafada64129fa
0ee9146d52686241d8f4439a5a57f197,760b8a36e307ec25b87792546f8c1c51
f32bebcb6cdb9ba6537c0eae1a0d8257,dd37f83c16a44529f2d616da500897b4
2bf242c57bc83eab794d18078346d6c1,e699b9e83144432ae5c3d87775425248
a2ac91c72e2cf62903dc19a97d91fcac,1e9606eedbfc0013745deb870f284e3a
a2ac91c72e2cf62903dc19a97d91fcac,54ff5f0cf805c6cf364aa20ec203fec5
bce7acae44c0fe5800291bb218fbf190,dfc59d7ff159e7d36b55e02ff317d7a8
a2ac91c72e2cf62903dc19a97d91fcac,ff88618c9828ee470c0b264ca6df23ac
f32bebcb6cdb9ba6537c0eae1a0d8257,15222acce49ccbac0f139b52fc35d839
eef51ec4226a83e52015f149a3dc8466,fb3ffd3a3b4901450bb3f31c8fab57a5
23eeb60ae7fb4ea7acaf49dc37e605aa,7c0f2f8c27e310831bb626c02422ac19
5b0870a8a6463b14f72a3d2f473b2bb6,65b36e2892ae6cf4c4a75ef4eb9cf1dd
bbfd53cd197a02b0d562846d1a3724bb,758214519f530f389fa350170db0b41f
2bf242c57bc83eab794d18078346d6c1,b9f86878017c2ffb2d2285bd8621dc5a
a2ac91c72e2cf62903dc19a97d91fcac,f73b60022ddc9f5989e3cff49241a699
a2ac91c72e2cf62903dc19a97d91fcac,0d1c0063ec01794f15bdc68c44183239
fc72d233a267ba4b1adf5ec607de5c19,680722045495c24723e0e59c56e25ba2
b177664aea30b5aef75771373d1ce243,e8b9557119c746d838110198c4af2040
2bf242c57bc83eab794d18078346d6c1,520813afb6146c9cc7ffc4bce178f070
584ca45bd9d0773ad48b65d759b460da,a436a62222899851200f44897bd3a426
da076e68ab6dbf3c4b832a03fab59c2e,5dbc669418538143541abfb5c6b56e4c
b177664aea30b5aef75771373d1ce243,ff88618c9828ee470c0b264ca6df23ac
4621f0a4c599e43d3a748e1095fe3617,028b521d8e3a9b9c710c50afe5625d92
8c786eabf66f8e7e77256b0633e85d9a,09f88b793ae7464fa84f70d875eadf4c
04664402934f7909caa487eb69928b58,362311298348fdc9d5d62e36dc36d473
04664402934f7909caa487eb69928b58,ca4f0a00e94a7f08d5d16b5be1fcd24e
eef51ec4226a83e52015f149a3dc8466,85b2561518605ea1d0d7259c074d9ab0
3492862ee8e1b60f92efc1e2a3afc2db,32a920451b2f82337760473b3c1e22c1
1035b7f893b1f9b006cf0670b160aff6,e79e6a936a2a1c6cccfb6f14d46ee566
23eeb60ae7fb4ea7acaf49dc37e605aa,edb8ffa7bab425b8810fa541aefd2541
0919623160867bdea28d41d46c0295e1,09d323b9be65f690e49a91faa281cc21
327fde4782bdf27fdb63b2a377376910,680722045495c24723e0e59c56e25ba2
b177664aea30b5aef75771373d1ce243,15fd169e60967d2b6a9e9d06118cae30
da076e68ab6dbf3c4b832a03fab59c2e,d54eb56998f12bc22da2712298bc70d2
4621f0a4c599e43d3a748e1095fe3617,9d3273f9d6e278c1de9a670d9fcf8264
8344bb7f7eb5290a45a7d357c79fa569,680722045495c24723e0e59c56e25ba2
a2ac91c72e2cf62903dc19a97d91fcac,8f8a147d0e658ffcd00e9184d5811808
eef51ec4226a83e52015f149a3dc8466,5937fe801c6788e7066623b5979407f4
23eeb60ae7fb4ea7acaf49dc37e605aa,0d1b0eccd370f1afff945ee297da4c34
5201ff84306fd4bf47c4d052a095b421,15fd169e60967d2b6a9e9d06118cae30
23eeb60ae7fb4ea7acaf49dc37e605aa,dd43c926e6fc8bb02726dfd344aa5328
b1410fffbb5dec080add25d44b9bb7be,c8f511f6fa2061fc1b409aa164e0d4e9
5b0870a8a6463b14f72a3d2f473b2bb6,7c0f2f8c27e310831bb626c02422ac19
5201ff84306fd4bf47c4d052a095b421,e8b9557119c746d838110198c4af2040
5b0870a8a6463b14f72a3d2f473b2bb6,86288131969330cf08d03f6becffbb91
9311e8eb10cb263b25151ef96685890e,680722045495c24723e0e59c56e25ba2
b177664aea30b5aef75771373d1ce243,058aea466658c912c3abe076d174d1f2
67c08ee0f881e318be4e0d0f4ca40f45,da3f0b0f1ee22d755eab3a8aa53efed9
a2ac91c72e2cf62903dc19a97d91fcac,ccd5801308d4c106a6fed202cf78b5bc
b177664aea30b5aef75771373d1ce243,b9f86878017c2ffb2d2285bd8621dc5a
eef51ec4226a83e52015f149a3dc8466,172162bffb5a151534ef3b08f71c5893
a2ac91c72e2cf62903dc19a97d91fcac,11cb11f57808bf8440d141e5dc55df55
c5691922bbc95c3b172a48a582883686,9cb8989f5cbeb8d74b357a318d01c5fa
f32bebcb6cdb9ba6537c0eae1a0d8257,57bf37b09d7894fd87c4fe9066ced514
f32bebcb6cdb9ba6537c0eae1a0d8257,d5f0dcb08d055c9aa102fe96fde7fcdc
b177664aea30b5aef75771373d1ce243,dd37f83c16a44529f2d616da500897b4
f32bebcb6cdb9ba6537c0eae1a0d8257,ff88618c9828ee470c0b264ca6df23ac
fed8ccee57d64a481016f9581ccdc927,84ebe06ae5a9c1473590f3a7a3d44f73
04664402934f7909caa487eb69928b58,151ae676cc51160e4ce8a262f7ca0c0e
bce7acae44c0fe5800291bb218fbf190,9a1b429390dafb9681baa2faf23c3c8e
4621f0a4c599e43d3a748e1095fe3617,a281620e7b34649fce063fcce1f15528
bce7acae44c0fe5800291bb218fbf190,680722045495c24723e0e59c56e25ba2
fed8ccee57d64a481016f9581ccdc927,7c0f2f8c27e310831bb626c02422ac19
4621f0a4c599e43d3a748e1095fe3617,dd29ccc7e591488415531815db2eb137
a2ac91c72e2cf62903dc19a97d91fcac,111904ccb8fea0d1f07124bb2945ec64
a2ac91c72e2cf62903dc19a97d91fcac,e149a5e72a05ff4cfd23963f796ccaf3
d4ede010a606bb0c6678c8f1a4f64c33,9cb8989f5cbeb8d74b357a318d01c5fa
1035b7f893b1f9b006cf0670b160aff6,f8a57eecb2d41651459d610e39d2991d
b1410fffbb5dec080add25d44b9bb7be,b9f86878017c2ffb2d2285bd8621dc5a
b177664aea30b5aef75771373d1ce243,15222acce49ccbac0f139b52fc35d839
eef51ec4226a83e52015f149a3dc8466,aa070010d849b8651cfdbcd6f196e859
628478b43941578861ab39fae4e1229d,da3f0b0f1ee22d755eab3a8aa53efed9
23eeb60ae7fb4ea7acaf49dc37e605aa,dd37f83c16a44529f2d616da500897b4
2bf242c57bc83eab794d18078346d6c1,3543d5fa3469d419e44d27c5ab1e1f29
a2ac91c72e2cf62903dc19a97d91fcac,eee603a525d2418d10bbb0b78f2ab27c
5b0870a8a6463b14f72a3d2f473b2bb6,0af58e0a9362694a63232880f423b01f
c9b5339ffb21609b4734acf99febe858,edfa70a1b3a492a4293f8055c38e239a
937bddd07c74f8695b0175673a510b06,b69cae45bb9bc63435a83306ff2aa94e
584ca45bd9d0773ad48b65d759b460da,1e5dbb8868080b5cc2f5135a098a4d12
5201ff84306fd4bf47c4d052a095b421,849d3ecf2e23cad07402999faa2e9ba6
5201ff84306fd4bf47c4d052a095b421,de6676b73e2c681d50467088baf5ca67
4885e1ca1ca1117558af9f8fff8c8f48,680722045495c24723e0e59c56e25ba2
d4ede010a606bb0c6678c8f1a4f64c33,87f35e2ac42dce9776061a3fffe1f7da
86f0e397874e48601c792c5c01ceb9d3,ff88618c9828ee470c0b264ca6df23ac
f32bebcb6cdb9ba6537c0eae1a0d8257,de6676b73e2c681d50467088baf5ca67
b23dc0a215674252053446e94f30ce47,84e12d1cf387861425118f86f38e298e
329b9f6214f5f54dcf540f1a1c76c567,cad8ff35c51f9b5b40d0b2002f15598e
eef51ec4226a83e52015f149a3dc8466,0d1b0eccd370f1afff945ee297da4c34
eef51ec4226a83e52015f149a3dc8466,6f223d2b86c362243fa723cf730fa603
23eeb60ae7fb4ea7acaf49dc37e605aa,71e4a8f88f788ab24f56b164eac7d7e0
117c3c36089856e52514eb52ab130cd7,442765daf9a6caf40989c3c208978a37
1035b7f893b1f9b006cf0670b160aff6,5aef10f743495dae6dab860fd7781eed
a288e27449e5f34dd3c6f7b00144ed46,a29e25cd90a3e4438513a9c1454e8d0f
a2ac91c72e2cf62903dc19a97d91fcac,616b423ef01ca3ec76cabb7c80a0095b
86f0e397874e48601c792c5c01ceb9d3,925f93dc1fc616ac31c4f40c01717ad3
5201ff84306fd4bf47c4d052a095b421,dd37f83c16a44529f2d616da500897b4
ec17051335f5d89142e24e0776ba983a,1cc9ace98845183dac31a48969efc8aa
242df942900dc5ef5c631dc552b4bc45,e3c1e9e884760a83e6776f4fd6f7e7e9
1035b7f893b1f9b006cf0670b160aff6,37405d0379363e62b3b51aa26a667d1b
117c3c36089856e52514eb52ab130cd7,7872a0b97ece753d8cba1b06785bd6f8
5b0870a8a6463b14f72a3d2f473b2bb6,ef8b67a9bc089aab34d8312dd6153c80
628478b43941578861ab39fae4e1229d,d8540ce082587ddf7058a4ec5f9bb068
1035b7f893b1f9b006cf0670b160aff6,758e0d67c8d42c52dff16a284a756b7d
f32bebcb6cdb9ba6537c0eae1a0d8257,b9f86878017c2ffb2d2285bd8621dc5a
eef51ec4226a83e52015f149a3dc8466,f5238a3a6f495c325860f07d59a66ed2
eef51ec4226a83e52015f149a3dc8466,505312a655ffb41bf5e4c70123b36808
b1410fffbb5dec080add25d44b9bb7be,637ad0ec06cfcc6266fe2128afee7aec
117c3c36089856e52514eb52ab130cd7,4f7e0207c3e6dc78883a88603617c256
eef51ec4226a83e52015f149a3dc8466,4a7543d88c05c1b854f8a083a7ffd808
5b0870a8a6463b14f72a3d2f473b2bb6,3d1b68f49cecfbbfd8ea6c5bfdcb303c
329b9f6214f5f54dcf540f1a1c76c567,87f35e2ac42dce9776061a3fffe1f7da
6ff43ef89b35a6102b5ca0b613e227f1,8624937f268dd1f7278670e1bc4973a1
117c3c36089856e52514eb52ab130cd7,ca113ce438f3cab2b4ddd6e5e88e59b1
1035b7f893b1f9b006cf0670b160aff6,ff88618c9828ee470c0b264ca6df23ac
eef51ec4226a83e52015f149a3dc8466,c9403eca3e90e3e3b95dec9953786e92
a2ac91c72e2cf62903dc19a97d91fcac,32d6208bfacaf74ff05736307ca51e38
5201ff84306fd4bf47c4d052a095b421,058aea466658c912c3abe076d174d1f2
3492862ee8e1b60f92efc1e2a3afc2db,680722045495c24723e0e59c56e25ba2
1035b7f893b1f9b006cf0670b160aff6,73829841b2dbdf8f040f9effb9e65a6a
c5691922bbc95c3b172a48a582883686,87f35e2ac42dce9776061a3fffe1f7da
